"HtmlFile","Reference","DecodedReference","ExpectedLocalPath","Status"
"Sketches\amphibians\index.html","../../images/Sketches/frog-hero.jpg","../../images/Sketches/frog-hero.jpg","D:\github\ron-english-sketches-animals\images\Sketches\frog-hero.jpg","Missing"
"Sketches\amphibians\index.html","../../images/Sketches/salamanders-hero.jpg","../../images/Sketches/salamanders-hero.jpg","D:\github\ron-english-sketches-animals\images\Sketches\salamanders-hero.jpg","Missing"
"Sketches\amphibians\frogs\mick-monster.html","../../../images/Sketches/amphibians/frogs/Mick%20Monster%20B%26W.jpg","../../../images/Sketches/amphibians/frogs/Mick Monster B&W.jpg","D:\github\ron-english-sketches-animals\images\Sketches\amphibians\frogs\Mick Monster B&W.jpg","Missing"
"Sketches\amphibians\frogs\mick-monster.html","../../../images/Sketches/amphibians/frogs/Mick%20Monster%20B%26W.jpg","../../../images/Sketches/amphibians/frogs/Mick Monster B&W.jpg","D:\github\ron-english-sketches-animals\images\Sketches\amphibians\frogs\Mick Monster B&W.jpg","Missing"
"Sketches\amphibians\frogs\sea-mobster.html","../../../images/Sketches/amphibians/frogs/Sea%20Mobster%20B%26W.jpg","../../../images/Sketches/amphibians/frogs/Sea Mobster B&W.jpg","D:\github\ron-english-sketches-animals\images\Sketches\amphibians\frogs\Sea Mobster B&W.jpg","Missing"
"Sketches\amphibians\frogs\sea-mobster.html","../../../images/Sketches/amphibians/frogs/Sea%20Mobster%20B%26W.jpg","../../../images/Sketches/amphibians/frogs/Sea Mobster B&W.jpg","D:\github\ron-english-sketches-animals\images\Sketches\amphibians\frogs\Sea Mobster B&W.jpg","Missing"
"Sketches\avians\index.html","../../images/Sketches/buzzards-hero.jpg","../../images/Sketches/buzzards-hero.jpg","D:\github\ron-english-sketches-animals\images\Sketches\buzzards-hero.jpg","Missing"
"Sketches\avians\chickens\500-pound-poultry.html","../../../images/Sketches/avians/chickens/Poultry%20Plump%20(500-Pound%20Poultry)%20back%20ORIGINAL.jpeg","../../../images/Sketches/avians/chickens/Poultry Plump (500-Pound Poultry) back ORIGINAL.jpeg","D:\github\ron-english-sketches-animals\images\Sketches\avians\chickens\Poultry Plump (500-Pound Poultry) back ORIGINAL.jpeg","Missing"
"Sketches\avians\chickens\500-pound-poultry.html","../../../images/Sketches/avians/chickens/Poultry%20Plump%20(500-Pound%20Poultry)%20back%20ORIGINAL.jpeg","../../../images/Sketches/avians/chickens/Poultry Plump (500-Pound Poultry) back ORIGINAL.jpeg","D:\github\ron-english-sketches-animals\images\Sketches\avians\chickens\Poultry Plump (500-Pound Poultry) back ORIGINAL.jpeg","Missing"
"Sketches\avians\chickens\500-pound-poultry.html","../../../images/Sketches/avians/chickens/Poultry%20Plump%20(500-Pound%20Poultry)%20body%20ORIGINAL.jpeg","../../../images/Sketches/avians/chickens/Poultry Plump (500-Pound Poultry) body ORIGINAL.jpeg","D:\github\ron-english-sketches-animals\images\Sketches\avians\chickens\Poultry Plump (500-Pound Poultry) body ORIGINAL.jpeg","Missing"
"Sketches\avians\chickens\500-pound-poultry.html","../../../images/Sketches/avians/chickens/Poultry%20Plump%20(500-Pound%20Poultry)%20body%20ORIGINAL.jpeg","../../../images/Sketches/avians/chickens/Poultry Plump (500-Pound Poultry) body ORIGINAL.jpeg","D:\github\ron-english-sketches-animals\images\Sketches\avians\chickens\Poultry Plump (500-Pound Poultry) body ORIGINAL.jpeg","Missing"
"Sketches\avians\chickens\500-pound-poultry.html","../../../images/Sketches/avians/chickens/Poultry%20Plump%20(500-Pound%20Poultry)%20head%20ORIGINAL.jpeg","../../../images/Sketches/avians/chickens/Poultry Plump (500-Pound Poultry) head ORIGINAL.jpeg","D:\github\ron-english-sketches-animals\images\Sketches\avians\chickens\Poultry Plump (500-Pound Poultry) head ORIGINAL.jpeg","Missing"
"Sketches\avians\chickens\500-pound-poultry.html","../../../images/Sketches/avians/chickens/Poultry%20Plump%20(500-Pound%20Poultry)%20head%20ORIGINAL.jpeg","../../../images/Sketches/avians/chickens/Poultry Plump (500-Pound Poultry) head ORIGINAL.jpeg","D:\github\ron-english-sketches-animals\images\Sketches\avians\chickens\Poultry Plump (500-Pound Poultry) head ORIGINAL.jpeg","Missing"
"Sketches\avians\chickens\500-pound-poultry.html","../../../images/Sketches/avians/chickens/Poultry%20Plump%20(500-Pound%20Poultry)%20Left%20Side%20View%20ORIGINAL.jpeg","../../../images/Sketches/avians/chickens/Poultry Plump (500-Pound Poultry) Left Side View ORIGINAL.jpeg","D:\github\ron-english-sketches-animals\images\Sketches\avians\chickens\Poultry Plump (500-Pound Poultry) Left Side View ORIGINAL.jpeg","Missing"
"Sketches\avians\chickens\500-pound-poultry.html","../../../images/Sketches/avians/chickens/Poultry%20Plump%20(500-Pound%20Poultry)%20Left%20Side%20View%20ORIGINAL.jpeg","../../../images/Sketches/avians/chickens/Poultry Plump (500-Pound Poultry) Left Side View ORIGINAL.jpeg","D:\github\ron-english-sketches-animals\images\Sketches\avians\chickens\Poultry Plump (500-Pound Poultry) Left Side View ORIGINAL.jpeg","Missing"
"Sketches\avians\chickens\500-pound-poultry.html","../../../images/Sketches/avians/chickens/Poultry%20Plump%20(500-Pound%20Poultry)%20ORIGINAL.jpeg","../../../images/Sketches/avians/chickens/Poultry Plump (500-Pound Poultry) ORIGINAL.jpeg","D:\github\ron-english-sketches-animals\images\Sketches\avians\chickens\Poultry Plump (500-Pound Poultry) ORIGINAL.jpeg","Missing"
"Sketches\avians\chickens\500-pound-poultry.html","../../../images/Sketches/avians/chickens/Poultry%20Plump%20(500-Pound%20Poultry)%20ORIGINAL.jpeg","../../../images/Sketches/avians/chickens/Poultry Plump (500-Pound Poultry) ORIGINAL.jpeg","D:\github\ron-english-sketches-animals\images\Sketches\avians\chickens\Poultry Plump (500-Pound Poultry) ORIGINAL.jpeg","Missing"
"Sketches\avians\chickens\500-pound-poultry.html","../../../images/Sketches/avians/chickens/Poultry%20Plump%20(500-Pound%20Poultry)%20%20COLORdigital.jpg","../../../images/Sketches/avians/chickens/Poultry Plump (500-Pound Poultry)  COLORdigital.jpg","D:\github\ron-english-sketches-animals\images\Sketches\avians\chickens\Poultry Plump (500-Pound Poultry)  COLORdigital.jpg","Missing"
"Sketches\avians\chickens\500-pound-poultry.html","../../../images/Sketches/avians/chickens/Poultry%20Plump%20(500-Pound%20Poultry)%20%20COLORdigital.jpg","../../../images/Sketches/avians/chickens/Poultry Plump (500-Pound Poultry)  COLORdigital.jpg","D:\github\ron-english-sketches-animals\images\Sketches\avians\chickens\Poultry Plump (500-Pound Poultry)  COLORdigital.jpg","Missing"
"Sketches\avians\ducks\alien-quack-crown.html","../../../images/Sketches/avians/ducks/Alien Quack Crown B&amp;W.png","../../../images/Sketches/avians/ducks/Alien Quack Crown B&amp;W.png","D:\github\ron-english-sketches-animals\images\Sketches\avians\ducks\Alien Quack Crown B&amp;W.png","Missing"
"Sketches\avians\ducks\alien-quack-crown.html","../../../images/Sketches/avians/ducks/Alien Quack Crown B&amp;W.png","../../../images/Sketches/avians/ducks/Alien Quack Crown B&amp;W.png","D:\github\ron-english-sketches-animals\images\Sketches\avians\ducks\Alien Quack Crown B&amp;W.png","Missing"
"Sketches\avians\ducks\allie-quack-early-version.html","../../../images/Sketches/avians/ducks/Allie Quack early version B&amp;W.png","../../../images/Sketches/avians/ducks/Allie Quack early version B&amp;W.png","D:\github\ron-english-sketches-animals\images\Sketches\avians\ducks\Allie Quack early version B&amp;W.png","Missing"
"Sketches\avians\ducks\allie-quack-early-version.html","../../../images/Sketches/avians/ducks/Allie Quack early version B&amp;W.png","../../../images/Sketches/avians/ducks/Allie Quack early version B&amp;W.png","D:\github\ron-english-sketches-animals\images\Sketches\avians\ducks\Allie Quack early version B&amp;W.png","Missing"
"Sketches\avians\ducks\allie-quack-with-bowling-balls.html","../../../images/Sketches/avians/ducks/Allie Quack walking B&amp;W.png","../../../images/Sketches/avians/ducks/Allie Quack walking B&amp;W.png","D:\github\ron-english-sketches-animals\images\Sketches\avians\ducks\Allie Quack walking B&amp;W.png","Missing"
"Sketches\avians\ducks\allie-quack-with-bowling-balls.html","../../../images/Sketches/avians/ducks/Allie Quack walking B&amp;W.png","../../../images/Sketches/avians/ducks/Allie Quack walking B&amp;W.png","D:\github\ron-english-sketches-animals\images\Sketches\avians\ducks\Allie Quack walking B&amp;W.png","Missing"
"Sketches\avians\ducks\dr-bub-quack-early-version.html","../../../images/Sketches/avians/ducks/Dr Bub Quack early version B&amp;W.png","../../../images/Sketches/avians/ducks/Dr Bub Quack early version B&amp;W.png","D:\github\ron-english-sketches-animals\images\Sketches\avians\ducks\Dr Bub Quack early version B&amp;W.png","Missing"
"Sketches\avians\ducks\dr-bub-quack-early-version.html","../../../images/Sketches/avians/ducks/Dr Bub Quack early version B&amp;W.png","../../../images/Sketches/avians/ducks/Dr Bub Quack early version B&amp;W.png","D:\github\ron-english-sketches-animals\images\Sketches\avians\ducks\Dr Bub Quack early version B&amp;W.png","Missing"
"Sketches\avians\ducks\dr-bub-quack.html","../../../images/Sketches/avians/ducks/Bub Quack Guernica B&amp;W.png","../../../images/Sketches/avians/ducks/Bub Quack Guernica B&amp;W.png","D:\github\ron-english-sketches-animals\images\Sketches\avians\ducks\Bub Quack Guernica B&amp;W.png","Missing"
"Sketches\avians\ducks\dr-bub-quack.html","../../../images/Sketches/avians/ducks/Bub Quack Guernica B&amp;W.png","../../../images/Sketches/avians/ducks/Bub Quack Guernica B&amp;W.png","D:\github\ron-english-sketches-animals\images\Sketches\avians\ducks\Bub Quack Guernica B&amp;W.png","Missing"
"Sketches\avians\ducks\dr-bub-quack.html","../../../images/Sketches/avians/ducks/Bub Quack sketch 1 B&amp;W.png","../../../images/Sketches/avians/ducks/Bub Quack sketch 1 B&amp;W.png","D:\github\ron-english-sketches-animals\images\Sketches\avians\ducks\Bub Quack sketch 1 B&amp;W.png","Missing"
"Sketches\avians\ducks\dr-bub-quack.html","../../../images/Sketches/avians/ducks/Bub Quack sketch 1 B&amp;W.png","../../../images/Sketches/avians/ducks/Bub Quack sketch 1 B&amp;W.png","D:\github\ron-english-sketches-animals\images\Sketches\avians\ducks\Bub Quack sketch 1 B&amp;W.png","Missing"
"Sketches\avians\ducks\dr-bub-quack.html","../../../images/Sketches/avians/ducks/Bub Quack sketch 2 B&amp;W.png","../../../images/Sketches/avians/ducks/Bub Quack sketch 2 B&amp;W.png","D:\github\ron-english-sketches-animals\images\Sketches\avians\ducks\Bub Quack sketch 2 B&amp;W.png","Missing"
"Sketches\avians\ducks\dr-bub-quack.html","../../../images/Sketches/avians/ducks/Bub Quack sketch 2 B&amp;W.png","../../../images/Sketches/avians/ducks/Bub Quack sketch 2 B&amp;W.png","D:\github\ron-english-sketches-animals\images\Sketches\avians\ducks\Bub Quack sketch 2 B&amp;W.png","Missing"
"Sketches\avians\ducks\dr-bub-quack.html","../../../images/Sketches/avians/ducks/Bub Quack sketch 3 B&amp;W.png","../../../images/Sketches/avians/ducks/Bub Quack sketch 3 B&amp;W.png","D:\github\ron-english-sketches-animals\images\Sketches\avians\ducks\Bub Quack sketch 3 B&amp;W.png","Missing"
"Sketches\avians\ducks\dr-bub-quack.html","../../../images/Sketches/avians/ducks/Bub Quack sketch 3 B&amp;W.png","../../../images/Sketches/avians/ducks/Bub Quack sketch 3 B&amp;W.png","D:\github\ron-english-sketches-animals\images\Sketches\avians\ducks\Bub Quack sketch 3 B&amp;W.png","Missing"
"Sketches\avians\ducks\dr-bub-quack.html","../../../images/Sketches/avians/ducks/Bub Quack sketch 4 B&amp;W.png","../../../images/Sketches/avians/ducks/Bub Quack sketch 4 B&amp;W.png","D:\github\ron-english-sketches-animals\images\Sketches\avians\ducks\Bub Quack sketch 4 B&amp;W.png","Missing"
"Sketches\avians\ducks\dr-bub-quack.html","../../../images/Sketches/avians/ducks/Bub Quack sketch 4 B&amp;W.png","../../../images/Sketches/avians/ducks/Bub Quack sketch 4 B&amp;W.png","D:\github\ron-english-sketches-animals\images\Sketches\avians\ducks\Bub Quack sketch 4 B&amp;W.png","Missing"
"Sketches\avians\ducks\dr-bub-quack.html","../../../images/Sketches/avians/ducks/Dr Bub B&amp;W.png","../../../images/Sketches/avians/ducks/Dr Bub B&amp;W.png","D:\github\ron-english-sketches-animals\images\Sketches\avians\ducks\Dr Bub B&amp;W.png","Missing"
"Sketches\avians\ducks\dr-bub-quack.html","../../../images/Sketches/avians/ducks/Dr Bub B&amp;W.png","../../../images/Sketches/avians/ducks/Dr Bub B&amp;W.png","D:\github\ron-english-sketches-animals\images\Sketches\avians\ducks\Dr Bub B&amp;W.png","Missing"
"Sketches\avians\ducks\dr-bub-quack.html","../../../images/Sketches/avians/ducks/Dr Bub Quack back B&amp;W.png","../../../images/Sketches/avians/ducks/Dr Bub Quack back B&amp;W.png","D:\github\ron-english-sketches-animals\images\Sketches\avians\ducks\Dr Bub Quack back B&amp;W.png","Missing"
"Sketches\avians\ducks\dr-bub-quack.html","../../../images/Sketches/avians/ducks/Dr Bub Quack back B&amp;W.png","../../../images/Sketches/avians/ducks/Dr Bub Quack back B&amp;W.png","D:\github\ron-english-sketches-animals\images\Sketches\avians\ducks\Dr Bub Quack back B&amp;W.png","Missing"
"Sketches\avians\ducks\dr-bub-quack.html","../../../images/Sketches/avians/ducks/Dr Bub Quack front B&amp;W.png","../../../images/Sketches/avians/ducks/Dr Bub Quack front B&amp;W.png","D:\github\ron-english-sketches-animals\images\Sketches\avians\ducks\Dr Bub Quack front B&amp;W.png","Missing"
"Sketches\avians\ducks\dr-bub-quack.html","../../../images/Sketches/avians/ducks/Dr Bub Quack front B&amp;W.png","../../../images/Sketches/avians/ducks/Dr Bub Quack front B&amp;W.png","D:\github\ron-english-sketches-animals\images\Sketches\avians\ducks\Dr Bub Quack front B&amp;W.png","Missing"
"Sketches\avians\ducks\dr-bub-quack.html","../../../images/Sketches/avians/ducks/Dr Bub Quack front version 2 B&amp;W.png","../../../images/Sketches/avians/ducks/Dr Bub Quack front version 2 B&amp;W.png","D:\github\ron-english-sketches-animals\images\Sketches\avians\ducks\Dr Bub Quack front version 2 B&amp;W.png","Missing"
"Sketches\avians\ducks\dr-bub-quack.html","../../../images/Sketches/avians/ducks/Dr Bub Quack front version 2 B&amp;W.png","../../../images/Sketches/avians/ducks/Dr Bub Quack front version 2 B&amp;W.png","D:\github\ron-english-sketches-animals\images\Sketches\avians\ducks\Dr Bub Quack front version 2 B&amp;W.png","Missing"
"Sketches\avians\ducks\dr-bub-quack.html","../../../images/Sketches/avians/ducks/Dr Bub Quack side B&amp;W.png","../../../images/Sketches/avians/ducks/Dr Bub Quack side B&amp;W.png","D:\github\ron-english-sketches-animals\images\Sketches\avians\ducks\Dr Bub Quack side B&amp;W.png","Missing"
"Sketches\avians\ducks\dr-bub-quack.html","../../../images/Sketches/avians/ducks/Dr Bub Quack side B&amp;W.png","../../../images/Sketches/avians/ducks/Dr Bub Quack side B&amp;W.png","D:\github\ron-english-sketches-animals\images\Sketches\avians\ducks\Dr Bub Quack side B&amp;W.png","Missing"
"Sketches\avians\ducks\dr-bub-quack.html","../../../images/Sketches/avians/ducks/Dr Bub Quack side version 2 B&amp;W.png","../../../images/Sketches/avians/ducks/Dr Bub Quack side version 2 B&amp;W.png","D:\github\ron-english-sketches-animals\images\Sketches\avians\ducks\Dr Bub Quack side version 2 B&amp;W.png","Missing"
"Sketches\avians\ducks\dr-bub-quack.html","../../../images/Sketches/avians/ducks/Dr Bub Quack side version 2 B&amp;W.png","../../../images/Sketches/avians/ducks/Dr Bub Quack side version 2 B&amp;W.png","D:\github\ron-english-sketches-animals\images\Sketches\avians\ducks\Dr Bub Quack side version 2 B&amp;W.png","Missing"
"Sketches\avians\ducks\dr-bub-quack.html","../../../images/Sketches/avians/ducks/Dr. Bub Quack B&amp;W.png","../../../images/Sketches/avians/ducks/Dr. Bub Quack B&amp;W.png","D:\github\ron-english-sketches-animals\images\Sketches\avians\ducks\Dr. Bub Quack B&amp;W.png","Missing"
"Sketches\avians\ducks\dr-bub-quack.html","../../../images/Sketches/avians/ducks/Dr. Bub Quack B&amp;W.png","../../../images/Sketches/avians/ducks/Dr. Bub Quack B&amp;W.png","D:\github\ron-english-sketches-animals\images\Sketches\avians\ducks\Dr. Bub Quack B&amp;W.png","Missing"
"Sketches\avians\ducks\dr-bub-quack.html","../../../images/Sketches/avians/ducks/Dr Bub Quack - Quack ain","../../../images/Sketches/avians/ducks/Dr Bub Quack - Quack ain","D:\github\ron-english-sketches-animals\images\Sketches\avians\ducks\Dr Bub Quack - Quack ain","Missing"
"Sketches\avians\ducks\duck-at-war.html","../../../images/Sketches/avians/ducks/Duck at War B&amp;W.png","../../../images/Sketches/avians/ducks/Duck at War B&amp;W.png","D:\github\ron-english-sketches-animals\images\Sketches\avians\ducks\Duck at War B&amp;W.png","Missing"
"Sketches\avians\ducks\duck-at-war.html","../../../images/Sketches/avians/ducks/Duck at War B&amp;W.png","../../../images/Sketches/avians/ducks/Duck at War B&amp;W.png","D:\github\ron-english-sketches-animals\images\Sketches\avians\ducks\Duck at War B&amp;W.png","Missing"
"Sketches\avians\ducks\duck-boat.html","../../../images/Sketches/avians/ducks/Duck Boat front B&amp;W.png","../../../images/Sketches/avians/ducks/Duck Boat front B&amp;W.png","D:\github\ron-english-sketches-animals\images\Sketches\avians\ducks\Duck Boat front B&amp;W.png","Missing"
"Sketches\avians\ducks\duck-boat.html","../../../images/Sketches/avians/ducks/Duck Boat front B&amp;W.png","../../../images/Sketches/avians/ducks/Duck Boat front B&amp;W.png","D:\github\ron-english-sketches-animals\images\Sketches\avians\ducks\Duck Boat front B&amp;W.png","Missing"
"Sketches\avians\ducks\duck-boat.html","../../../images/Sketches/avians/ducks/Duck Boat side B&amp;W.png","../../../images/Sketches/avians/ducks/Duck Boat side B&amp;W.png","D:\github\ron-english-sketches-animals\images\Sketches\avians\ducks\Duck Boat side B&amp;W.png","Missing"
"Sketches\avians\ducks\duck-boat.html","../../../images/Sketches/avians/ducks/Duck Boat side B&amp;W.png","../../../images/Sketches/avians/ducks/Duck Boat side B&amp;W.png","D:\github\ron-english-sketches-animals\images\Sketches\avians\ducks\Duck Boat side B&amp;W.png","Missing"
"Sketches\avians\ducks\duck-fetus.html","../../../images/Sketches/avians/ducks/Duck Fetus B&amp;W.png","../../../images/Sketches/avians/ducks/Duck Fetus B&amp;W.png","D:\github\ron-english-sketches-animals\images\Sketches\avians\ducks\Duck Fetus B&amp;W.png","Missing"
"Sketches\avians\ducks\duck-fetus.html","../../../images/Sketches/avians/ducks/Duck Fetus B&amp;W.png","../../../images/Sketches/avians/ducks/Duck Fetus B&amp;W.png","D:\github\ron-english-sketches-animals\images\Sketches\avians\ducks\Duck Fetus B&amp;W.png","Missing"
"Sketches\avians\ducks\duck-house-riverview-estates.html","../../../images/Sketches/avians/ducks/Duck House - Riverview Estates B&amp;Wg.png","../../../images/Sketches/avians/ducks/Duck House - Riverview Estates B&amp;Wg.png","D:\github\ron-english-sketches-animals\images\Sketches\avians\ducks\Duck House - Riverview Estates B&amp;Wg.png","Missing"
"Sketches\avians\ducks\duck-house-riverview-estates.html","../../../images/Sketches/avians/ducks/Duck House - Riverview Estates B&amp;Wg.png","../../../images/Sketches/avians/ducks/Duck House - Riverview Estates B&amp;Wg.png","D:\github\ron-english-sketches-animals\images\Sketches\avians\ducks\Duck House - Riverview Estates B&amp;Wg.png","Missing"
"Sketches\avians\ducks\eddie-six-quack-and-football.html","../../../images/Sketches/avians/ducks/Eddie Six Quack and Football B&amp;W.png","../../../images/Sketches/avians/ducks/Eddie Six Quack and Football B&amp;W.png","D:\github\ron-english-sketches-animals\images\Sketches\avians\ducks\Eddie Six Quack and Football B&amp;W.png","Missing"
"Sketches\avians\ducks\eddie-six-quack-and-football.html","../../../images/Sketches/avians/ducks/Eddie Six Quack and Football B&amp;W.png","../../../images/Sketches/avians/ducks/Eddie Six Quack and Football B&amp;W.png","D:\github\ron-english-sketches-animals\images\Sketches\avians\ducks\Eddie Six Quack and Football B&amp;W.png","Missing"
"Sketches\avians\ducks\eddie-six-quack-early-version.html","../../../images/Sketches/avians/ducks/Eddie Six Quack early version B&amp;W.png","../../../images/Sketches/avians/ducks/Eddie Six Quack early version B&amp;W.png","D:\github\ron-english-sketches-animals\images\Sketches\avians\ducks\Eddie Six Quack early version B&amp;W.png","Missing"
"Sketches\avians\ducks\eddie-six-quack-early-version.html","../../../images/Sketches/avians/ducks/Eddie Six Quack early version B&amp;W.png","../../../images/Sketches/avians/ducks/Eddie Six Quack early version B&amp;W.png","D:\github\ron-english-sketches-animals\images\Sketches\avians\ducks\Eddie Six Quack early version B&amp;W.png","Missing"
"Sketches\avians\ducks\eddie-six-quack.html","../../../images/Sketches/avians/ducks/Eddie “Six” Quack B&amp;W.png","../../../images/Sketches/avians/ducks/Eddie “Six” Quack B&amp;W.png","D:\github\ron-english-sketches-animals\images\Sketches\avians\ducks\Eddie “Six” Quack B&amp;W.png","Missing"
"Sketches\avians\ducks\eddie-six-quack.html","../../../images/Sketches/avians/ducks/Eddie “Six” Quack B&amp;W.png","../../../images/Sketches/avians/ducks/Eddie “Six” Quack B&amp;W.png","D:\github\ron-english-sketches-animals\images\Sketches\avians\ducks\Eddie “Six” Quack B&amp;W.png","Missing"
"Sketches\avians\ducks\flying-duck.html","../../../images/Sketches/avians/ducks/Flying Duck B&amp;W.png","../../../images/Sketches/avians/ducks/Flying Duck B&amp;W.png","D:\github\ron-english-sketches-animals\images\Sketches\avians\ducks\Flying Duck B&amp;W.png","Missing"
"Sketches\avians\ducks\flying-duck.html","../../../images/Sketches/avians/ducks/Flying Duck B&amp;W.png","../../../images/Sketches/avians/ducks/Flying Duck B&amp;W.png","D:\github\ron-english-sketches-animals\images\Sketches\avians\ducks\Flying Duck B&amp;W.png","Missing"
"Sketches\avians\ducks\football-duck.html","../../../images/Sketches/avians/ducks/Football Duck B&amp;W.png","../../../images/Sketches/avians/ducks/Football Duck B&amp;W.png","D:\github\ron-english-sketches-animals\images\Sketches\avians\ducks\Football Duck B&amp;W.png","Missing"
"Sketches\avians\ducks\football-duck.html","../../../images/Sketches/avians/ducks/Football Duck B&amp;W.png","../../../images/Sketches/avians/ducks/Football Duck B&amp;W.png","D:\github\ron-english-sketches-animals\images\Sketches\avians\ducks\Football Duck B&amp;W.png","Missing"
"Sketches\avians\ducks\hatch-quack.html","../../../images/Sketches/avians/ducks/Hatch Quack B&amp;W.png","../../../images/Sketches/avians/ducks/Hatch Quack B&amp;W.png","D:\github\ron-english-sketches-animals\images\Sketches\avians\ducks\Hatch Quack B&amp;W.png","Missing"
"Sketches\avians\ducks\hatch-quack.html","../../../images/Sketches/avians/ducks/Hatch Quack B&amp;W.png","../../../images/Sketches/avians/ducks/Hatch Quack B&amp;W.png","D:\github\ron-english-sketches-animals\images\Sketches\avians\ducks\Hatch Quack B&amp;W.png","Missing"
"Sketches\avians\ducks\index.html","../../../images/Sketches/avians/ducks/Eddie â€œSixâ€ Quack COLOR.jpg","../../../images/Sketches/avians/ducks/Eddie â€œSixâ€ Quack COLOR.jpg","D:\github\ron-english-sketches-animals\images\Sketches\avians\ducks\Eddie â€œSixâ€ Quack COLOR.jpg","Missing"
"Sketches\avians\ducks\jet-quack-early-version.html","../../../images/Sketches/avians/ducks/Jet Quack early version B&amp;W.png","../../../images/Sketches/avians/ducks/Jet Quack early version B&amp;W.png","D:\github\ron-english-sketches-animals\images\Sketches\avians\ducks\Jet Quack early version B&amp;W.png","Missing"
"Sketches\avians\ducks\jet-quack-early-version.html","../../../images/Sketches/avians/ducks/Jet Quack early version B&amp;W.png","../../../images/Sketches/avians/ducks/Jet Quack early version B&amp;W.png","D:\github\ron-english-sketches-animals\images\Sketches\avians\ducks\Jet Quack early version B&amp;W.png","Missing"
"Sketches\avians\ducks\jet-quack.html","../../../images/Sketches/avians/ducks/Jet Quack Quack B&amp;w.png","../../../images/Sketches/avians/ducks/Jet Quack Quack B&amp;w.png","D:\github\ron-english-sketches-animals\images\Sketches\avians\ducks\Jet Quack Quack B&amp;w.png","Missing"
"Sketches\avians\ducks\jet-quack.html","../../../images/Sketches/avians/ducks/Jet Quack Quack B&amp;w.png","../../../images/Sketches/avians/ducks/Jet Quack Quack B&amp;w.png","D:\github\ron-english-sketches-animals\images\Sketches\avians\ducks\Jet Quack Quack B&amp;w.png","Missing"
"Sketches\avians\ducks\punk-duck.html","../../../images/Sketches/avians/ducks/Punk Duck B&amp;W.png","../../../images/Sketches/avians/ducks/Punk Duck B&amp;W.png","D:\github\ron-english-sketches-animals\images\Sketches\avians\ducks\Punk Duck B&amp;W.png","Missing"
"Sketches\avians\ducks\punk-duck.html","../../../images/Sketches/avians/ducks/Punk Duck B&amp;W.png","../../../images/Sketches/avians/ducks/Punk Duck B&amp;W.png","D:\github\ron-english-sketches-animals\images\Sketches\avians\ducks\Punk Duck B&amp;W.png","Missing"
"Sketches\avians\ducks\quack-guernica.html","../../../images/Sketches/avians/ducks/Quack Guernica 1 B&amp;W.png","../../../images/Sketches/avians/ducks/Quack Guernica 1 B&amp;W.png","D:\github\ron-english-sketches-animals\images\Sketches\avians\ducks\Quack Guernica 1 B&amp;W.png","Missing"
"Sketches\avians\ducks\quack-guernica.html","../../../images/Sketches/avians/ducks/Quack Guernica 1 B&amp;W.png","../../../images/Sketches/avians/ducks/Quack Guernica 1 B&amp;W.png","D:\github\ron-english-sketches-animals\images\Sketches\avians\ducks\Quack Guernica 1 B&amp;W.png","Missing"
"Sketches\avians\ducks\quack-guernica.html","../../../images/Sketches/avians/ducks/Quack Guernica 2 B&amp;W.png","../../../images/Sketches/avians/ducks/Quack Guernica 2 B&amp;W.png","D:\github\ron-english-sketches-animals\images\Sketches\avians\ducks\Quack Guernica 2 B&amp;W.png","Missing"
"Sketches\avians\ducks\quack-guernica.html","../../../images/Sketches/avians/ducks/Quack Guernica 2 B&amp;W.png","../../../images/Sketches/avians/ducks/Quack Guernica 2 B&amp;W.png","D:\github\ron-english-sketches-animals\images\Sketches\avians\ducks\Quack Guernica 2 B&amp;W.png","Missing"
"Sketches\avians\ducks\small-duck.html","../../../images/Sketches/avians/ducks/Small Duck B&amp;W.jpg","../../../images/Sketches/avians/ducks/Small Duck B&amp;W.jpg","D:\github\ron-english-sketches-animals\images\Sketches\avians\ducks\Small Duck B&amp;W.jpg","Missing"
"Sketches\avians\ducks\small-duck.html","../../../images/Sketches/avians/ducks/Small Duck B&amp;W.jpg","../../../images/Sketches/avians/ducks/Small Duck B&amp;W.jpg","D:\github\ron-english-sketches-animals\images\Sketches\avians\ducks\Small Duck B&amp;W.jpg","Missing"
"Sketches\avians\eagles\eagle-head.html","../../../images/Sketches/avians/eagles/Eagle Head B&amp;W digital.jpeg","../../../images/Sketches/avians/eagles/Eagle Head B&amp;W digital.jpeg","D:\github\ron-english-sketches-animals\images\Sketches\avians\eagles\Eagle Head B&amp;W digital.jpeg","Missing"
"Sketches\avians\eagles\eagle-head.html","../../../images/Sketches/avians/eagles/Eagle Head B&amp;W digital.jpeg","../../../images/Sketches/avians/eagles/Eagle Head B&amp;W digital.jpeg","D:\github\ron-english-sketches-animals\images\Sketches\avians\eagles\Eagle Head B&amp;W digital.jpeg","Missing"
"Sketches\avians\other birds\bird-beak.html","../../../images/Sketches/avians/other birds/Bird Beak B&amp;W digital.png","../../../images/Sketches/avians/other birds/Bird Beak B&amp;W digital.png","D:\github\ron-english-sketches-animals\images\Sketches\avians\other birds\Bird Beak B&amp;W digital.png","Missing"
"Sketches\avians\other birds\bird-beak.html","../../../images/Sketches/avians/other birds/Bird Beak B&amp;W digital.png","../../../images/Sketches/avians/other birds/Bird Beak B&amp;W digital.png","D:\github\ron-english-sketches-animals\images\Sketches\avians\other birds\Bird Beak B&amp;W digital.png","Missing"
"Sketches\avians\other birds\bird.html","../../../images/Sketches/avians/other birds/Bird B&amp;W digital.png","../../../images/Sketches/avians/other birds/Bird B&amp;W digital.png","D:\github\ron-english-sketches-animals\images\Sketches\avians\other birds\Bird B&amp;W digital.png","Missing"
"Sketches\avians\other birds\bird.html","../../../images/Sketches/avians/other birds/Bird B&amp;W digital.png","../../../images/Sketches/avians/other birds/Bird B&amp;W digital.png","D:\github\ron-english-sketches-animals\images\Sketches\avians\other birds\Bird B&amp;W digital.png","Missing"
"Sketches\avians\other birds\index.html","../../../images/Sketches/avians/other birds/Bird B&amp;W digital.png","../../../images/Sketches/avians/other birds/Bird B&amp;W digital.png","D:\github\ron-english-sketches-animals\images\Sketches\avians\other birds\Bird B&amp;W digital.png","Missing"
"Sketches\bears\index.html","../../images/Sketches/bears/Li","../../images/Sketches/bears/Li","D:\github\ron-english-sketches-animals\images\Sketches\bears\Li","Missing"
"Sketches\bears\lil-bear.html","../../images/Sketches/bears/Li","../../images/Sketches/bears/Li","D:\github\ron-english-sketches-animals\images\Sketches\bears\Li","Missing"
"Sketches\bears\lil-bear.html","../../images/Sketches/bears/Li","../../images/Sketches/bears/Li","D:\github\ron-english-sketches-animals\images\Sketches\bears\Li","Missing"
"Sketches\bears\lil-bear.html","../../images/Sketches/bears/Li","../../images/Sketches/bears/Li","D:\github\ron-english-sketches-animals\images\Sketches\bears\Li","Missing"
"Sketches\bears\lil-bear.html","../../images/Sketches/bears/Li","../../images/Sketches/bears/Li","D:\github\ron-english-sketches-animals\images\Sketches\bears\Li","Missing"
"Sketches\bigfoot\bigfoot-living-room.html","../../images/Sketches/bigfoot/Bigfoot%20Living%20Room%201A%20B&amp;W.jpg","../../images/Sketches/bigfoot/Bigfoot Living Room 1A B&amp;W.jpg","D:\github\ron-english-sketches-animals\images\Sketches\bigfoot\Bigfoot Living Room 1A B&amp;W.jpg","Missing"
"Sketches\bigfoot\bigfoot-living-room.html","../../images/Sketches/bigfoot/Bigfoot%20Living%20Room%201A%20B&amp;W.jpg","../../images/Sketches/bigfoot/Bigfoot Living Room 1A B&amp;W.jpg","D:\github\ron-english-sketches-animals\images\Sketches\bigfoot\Bigfoot Living Room 1A B&amp;W.jpg","Missing"
"Sketches\bigfoot\bigfoot-living-room.html","../../images/Sketches/bigfoot/Bigfoot%20Living%20Room%201B%20B&amp;W.jpg","../../images/Sketches/bigfoot/Bigfoot Living Room 1B B&amp;W.jpg","D:\github\ron-english-sketches-animals\images\Sketches\bigfoot\Bigfoot Living Room 1B B&amp;W.jpg","Missing"
"Sketches\bigfoot\bigfoot-living-room.html","../../images/Sketches/bigfoot/Bigfoot%20Living%20Room%201B%20B&amp;W.jpg","../../images/Sketches/bigfoot/Bigfoot Living Room 1B B&amp;W.jpg","D:\github\ron-english-sketches-animals\images\Sketches\bigfoot\Bigfoot Living Room 1B B&amp;W.jpg","Missing"
"Sketches\bigfoot\bigfoot-messiah.html","../../images/Sketches/bigfoot/Bigfoot%20Messiah%20B&amp;w.jpg","../../images/Sketches/bigfoot/Bigfoot Messiah B&amp;w.jpg","D:\github\ron-english-sketches-animals\images\Sketches\bigfoot\Bigfoot Messiah B&amp;w.jpg","Missing"
"Sketches\bigfoot\bigfoot-messiah.html","../../images/Sketches/bigfoot/Bigfoot%20Messiah%20B&amp;w.jpg","../../images/Sketches/bigfoot/Bigfoot Messiah B&amp;w.jpg","D:\github\ron-english-sketches-animals\images\Sketches\bigfoot\Bigfoot Messiah B&amp;w.jpg","Missing"
"Sketches\bigfoot\bigfoot-toddler.html","../../images/Sketches/bigfoot/Bigfoot%20Toddler%20B&amp;W.jpg","../../images/Sketches/bigfoot/Bigfoot Toddler B&amp;W.jpg","D:\github\ron-english-sketches-animals\images\Sketches\bigfoot\Bigfoot Toddler B&amp;W.jpg","Missing"
"Sketches\bigfoot\bigfoot-toddler.html","../../images/Sketches/bigfoot/Bigfoot%20Toddler%20B&amp;W.jpg","../../images/Sketches/bigfoot/Bigfoot Toddler B&amp;W.jpg","D:\github\ron-english-sketches-animals\images\Sketches\bigfoot\Bigfoot Toddler B&amp;W.jpg","Missing"
"Sketches\bigfoot\bigfoot-tourist.html","../../images/Sketches/bigfoot/Bigfoot%20Tourist%20B&amp;W.jpg","../../images/Sketches/bigfoot/Bigfoot Tourist B&amp;W.jpg","D:\github\ron-english-sketches-animals\images\Sketches\bigfoot\Bigfoot Tourist B&amp;W.jpg","Missing"
"Sketches\bigfoot\bigfoot-tourist.html","../../images/Sketches/bigfoot/Bigfoot%20Tourist%20B&amp;W.jpg","../../images/Sketches/bigfoot/Bigfoot Tourist B&amp;W.jpg","D:\github\ron-english-sketches-animals\images\Sketches\bigfoot\Bigfoot Tourist B&amp;W.jpg","Missing"
"Sketches\bigfoot\fake-father-bigfoot.html","../../images/Sketches/bigfoot/Fake%20Father%20Bigfoot%20B&amp;w.jpg","../../images/Sketches/bigfoot/Fake Father Bigfoot B&amp;w.jpg","D:\github\ron-english-sketches-animals\images\Sketches\bigfoot\Fake Father Bigfoot B&amp;w.jpg","Missing"
"Sketches\bigfoot\fake-father-bigfoot.html","../../images/Sketches/bigfoot/Fake%20Father%20Bigfoot%20B&amp;w.jpg","../../images/Sketches/bigfoot/Fake Father Bigfoot B&amp;w.jpg","D:\github\ron-english-sketches-animals\images\Sketches\bigfoot\Fake Father Bigfoot B&amp;w.jpg","Missing"
"Sketches\bigfoot\index.html","../../images/Sketches/bigfoot/Bigfoot%20Living%20Room%201A%20B&amp;W.jpg","../../images/Sketches/bigfoot/Bigfoot Living Room 1A B&amp;W.jpg","D:\github\ron-english-sketches-animals\images\Sketches\bigfoot\Bigfoot Living Room 1A B&amp;W.jpg","Missing"
"Sketches\bigfoot\index.html","../../images/Sketches/bigfoot/Li&#39;l%20Bigfoot%20COLOR.jpg","../../images/Sketches/bigfoot/Li&","D:\github\ron-english-sketches-animals\images\Sketches\bigfoot\Li&","Missing"
"Sketches\bigfoot\index.html","../../images/Sketches/bigfoot/Li&#39;l%20Bigfoot%20with%20beard%20front%20COLOR.jpg","../../images/Sketches/bigfoot/Li&","D:\github\ron-english-sketches-animals\images\Sketches\bigfoot\Li&","Missing"
"Sketches\bigfoot\lady-bigfoot.html","../../images/Sketches/bigfoot/Lady%20Bigfoot%20B&amp;W.jpg","../../images/Sketches/bigfoot/Lady Bigfoot B&amp;W.jpg","D:\github\ron-english-sketches-animals\images\Sketches\bigfoot\Lady Bigfoot B&amp;W.jpg","Missing"
"Sketches\bigfoot\lady-bigfoot.html","../../images/Sketches/bigfoot/Lady%20Bigfoot%20B&amp;W.jpg","../../images/Sketches/bigfoot/Lady Bigfoot B&amp;W.jpg","D:\github\ron-english-sketches-animals\images\Sketches\bigfoot\Lady Bigfoot B&amp;W.jpg","Missing"
"Sketches\bigfoot\lil-bigfoot-with-beard.html","../../images/Sketches/bigfoot/Li&#39;l%20Bigfoot%20with%20beard%20front%20ORIGINAL.jpg","../../images/Sketches/bigfoot/Li&","D:\github\ron-english-sketches-animals\images\Sketches\bigfoot\Li&","Missing"
"Sketches\bigfoot\lil-bigfoot-with-beard.html","../../images/Sketches/bigfoot/Li&#39;l%20Bigfoot%20with%20beard%20front%20ORIGINAL.jpg","../../images/Sketches/bigfoot/Li&","D:\github\ron-english-sketches-animals\images\Sketches\bigfoot\Li&","Missing"
"Sketches\bigfoot\lil-bigfoot-with-beard.html","../../images/Sketches/bigfoot/Li&#39;l%20Bigfoot%20with%20beard%20front%20ORIGINAL%20COLORED.jpg","../../images/Sketches/bigfoot/Li&","D:\github\ron-english-sketches-animals\images\Sketches\bigfoot\Li&","Missing"
"Sketches\bigfoot\lil-bigfoot-with-beard.html","../../images/Sketches/bigfoot/Li&#39;l%20Bigfoot%20with%20beard%20front%20ORIGINAL%20COLORED.jpg","../../images/Sketches/bigfoot/Li&","D:\github\ron-english-sketches-animals\images\Sketches\bigfoot\Li&","Missing"
"Sketches\bigfoot\lil-bigfoot-with-beard.html","../../images/Sketches/bigfoot/Li&#39;l%20Bigfoot%20with%20beard%20front%20ORIGINAL%20COLOR%20rainbow.jpg","../../images/Sketches/bigfoot/Li&","D:\github\ron-english-sketches-animals\images\Sketches\bigfoot\Li&","Missing"
"Sketches\bigfoot\lil-bigfoot-with-beard.html","../../images/Sketches/bigfoot/Li&#39;l%20Bigfoot%20with%20beard%20front%20ORIGINAL%20COLOR%20rainbow.jpg","../../images/Sketches/bigfoot/Li&","D:\github\ron-english-sketches-animals\images\Sketches\bigfoot\Li&","Missing"
"Sketches\bigfoot\lil-bigfoot-with-beard.html","../../images/Sketches/bigfoot/Li&#39;l%20Bigfoot%20with%20beard%20back%20ORIGINAL.jpg","../../images/Sketches/bigfoot/Li&","D:\github\ron-english-sketches-animals\images\Sketches\bigfoot\Li&","Missing"
"Sketches\bigfoot\lil-bigfoot-with-beard.html","../../images/Sketches/bigfoot/Li&#39;l%20Bigfoot%20with%20beard%20back%20ORIGINAL.jpg","../../images/Sketches/bigfoot/Li&","D:\github\ron-english-sketches-animals\images\Sketches\bigfoot\Li&","Missing"
"Sketches\bigfoot\lil-bigfoot-with-beard.html","../../images/Sketches/bigfoot/Li&#39;l%20Bigfoot%20with%20beard%20side%20ORIGINAL.jpg","../../images/Sketches/bigfoot/Li&","D:\github\ron-english-sketches-animals\images\Sketches\bigfoot\Li&","Missing"
"Sketches\bigfoot\lil-bigfoot-with-beard.html","../../images/Sketches/bigfoot/Li&#39;l%20Bigfoot%20with%20beard%20side%20ORIGINAL.jpg","../../images/Sketches/bigfoot/Li&","D:\github\ron-english-sketches-animals\images\Sketches\bigfoot\Li&","Missing"
"Sketches\bigfoot\lil-bigfoot-with-beard.html","../../images/Sketches/bigfoot/Li&#39;l%20Bigfoot%20with%20beard%20three%20quarters%20ORIGINAL.jpg","../../images/Sketches/bigfoot/Li&","D:\github\ron-english-sketches-animals\images\Sketches\bigfoot\Li&","Missing"
"Sketches\bigfoot\lil-bigfoot-with-beard.html","../../images/Sketches/bigfoot/Li&#39;l%20Bigfoot%20with%20beard%20three%20quarters%20ORIGINAL.jpg","../../images/Sketches/bigfoot/Li&","D:\github\ron-english-sketches-animals\images\Sketches\bigfoot\Li&","Missing"
"Sketches\bigfoot\lil-bigfoot-with-beard.html","../../images/Sketches/bigfoot/Li&#39;l%20Bigfoot%20with%20beard%20front%20B&amp;W.jpg","../../images/Sketches/bigfoot/Li&","D:\github\ron-english-sketches-animals\images\Sketches\bigfoot\Li&","Missing"
"Sketches\bigfoot\lil-bigfoot-with-beard.html","../../images/Sketches/bigfoot/Li&#39;l%20Bigfoot%20with%20beard%20front%20B&amp;W.jpg","../../images/Sketches/bigfoot/Li&","D:\github\ron-english-sketches-animals\images\Sketches\bigfoot\Li&","Missing"
"Sketches\bigfoot\lil-bigfoot-with-beard.html","../../images/Sketches/bigfoot/Li&#39;l%20Bigfoot%20with%20beard%20back%20B&amp;W.jpg","../../images/Sketches/bigfoot/Li&","D:\github\ron-english-sketches-animals\images\Sketches\bigfoot\Li&","Missing"
"Sketches\bigfoot\lil-bigfoot-with-beard.html","../../images/Sketches/bigfoot/Li&#39;l%20Bigfoot%20with%20beard%20back%20B&amp;W.jpg","../../images/Sketches/bigfoot/Li&","D:\github\ron-english-sketches-animals\images\Sketches\bigfoot\Li&","Missing"
"Sketches\bigfoot\lil-bigfoot-with-beard.html","../../images/Sketches/bigfoot/Li&#39;l%20Bigfoot%20with%20beard%20side%20B&amp;w.jpg","../../images/Sketches/bigfoot/Li&","D:\github\ron-english-sketches-animals\images\Sketches\bigfoot\Li&","Missing"
"Sketches\bigfoot\lil-bigfoot-with-beard.html","../../images/Sketches/bigfoot/Li&#39;l%20Bigfoot%20with%20beard%20side%20B&amp;w.jpg","../../images/Sketches/bigfoot/Li&","D:\github\ron-english-sketches-animals\images\Sketches\bigfoot\Li&","Missing"
"Sketches\bigfoot\lil-bigfoot-with-beard.html","../../images/Sketches/bigfoot/Li&#39;l%20Bigfoot%20with%20beard%20three%20quarters%20B&amp;W.jpg","../../images/Sketches/bigfoot/Li&","D:\github\ron-english-sketches-animals\images\Sketches\bigfoot\Li&","Missing"
"Sketches\bigfoot\lil-bigfoot-with-beard.html","../../images/Sketches/bigfoot/Li&#39;l%20Bigfoot%20with%20beard%20three%20quarters%20B&amp;W.jpg","../../images/Sketches/bigfoot/Li&","D:\github\ron-english-sketches-animals\images\Sketches\bigfoot\Li&","Missing"
"Sketches\bigfoot\lil-bigfoot-with-beard.html","../../images/Sketches/bigfoot/Li&#39;l%20Bigfoot%20with%20beard%20front%20COLOR.jpg","../../images/Sketches/bigfoot/Li&","D:\github\ron-english-sketches-animals\images\Sketches\bigfoot\Li&","Missing"
"Sketches\bigfoot\lil-bigfoot-with-beard.html","../../images/Sketches/bigfoot/Li&#39;l%20Bigfoot%20with%20beard%20front%20COLOR.jpg","../../images/Sketches/bigfoot/Li&","D:\github\ron-english-sketches-animals\images\Sketches\bigfoot\Li&","Missing"
"Sketches\bigfoot\lil-bigfoot-with-beard.html","../../images/Sketches/bigfoot/Li&#39;l%20Bigfoot%20with%20beard%20back%20COLOR.jpg","../../images/Sketches/bigfoot/Li&","D:\github\ron-english-sketches-animals\images\Sketches\bigfoot\Li&","Missing"
"Sketches\bigfoot\lil-bigfoot-with-beard.html","../../images/Sketches/bigfoot/Li&#39;l%20Bigfoot%20with%20beard%20back%20COLOR.jpg","../../images/Sketches/bigfoot/Li&","D:\github\ron-english-sketches-animals\images\Sketches\bigfoot\Li&","Missing"
"Sketches\bigfoot\lil-bigfoot-with-beard.html","../../images/Sketches/bigfoot/Li&#39;l%20Bigfoot%20with%20beard%20side%20COLOR.jpg","../../images/Sketches/bigfoot/Li&","D:\github\ron-english-sketches-animals\images\Sketches\bigfoot\Li&","Missing"
"Sketches\bigfoot\lil-bigfoot-with-beard.html","../../images/Sketches/bigfoot/Li&#39;l%20Bigfoot%20with%20beard%20side%20COLOR.jpg","../../images/Sketches/bigfoot/Li&","D:\github\ron-english-sketches-animals\images\Sketches\bigfoot\Li&","Missing"
"Sketches\bigfoot\lil-bigfoot-with-beard.html","../../images/Sketches/bigfoot/Li&#39;l%20Bigfoot%20with%20beard%20three%20quarters%20COLOR.jpg","../../images/Sketches/bigfoot/Li&","D:\github\ron-english-sketches-animals\images\Sketches\bigfoot\Li&","Missing"
"Sketches\bigfoot\lil-bigfoot-with-beard.html","../../images/Sketches/bigfoot/Li&#39;l%20Bigfoot%20with%20beard%20three%20quarters%20COLOR.jpg","../../images/Sketches/bigfoot/Li&","D:\github\ron-english-sketches-animals\images\Sketches\bigfoot\Li&","Missing"
"Sketches\bigfoot\lil-bigfoot.html","../../images/Sketches/bigfoot/Li&#39;l%20Bigfoot%20ORIGINAL.jpg","../../images/Sketches/bigfoot/Li&","D:\github\ron-english-sketches-animals\images\Sketches\bigfoot\Li&","Missing"
"Sketches\bigfoot\lil-bigfoot.html","../../images/Sketches/bigfoot/Li&#39;l%20Bigfoot%20ORIGINAL.jpg","../../images/Sketches/bigfoot/Li&","D:\github\ron-english-sketches-animals\images\Sketches\bigfoot\Li&","Missing"
"Sketches\bigfoot\lil-bigfoot.html","../../images/Sketches/bigfoot/Li&#39;l%20Bigfoot%20B&amp;W.jpg","../../images/Sketches/bigfoot/Li&","D:\github\ron-english-sketches-animals\images\Sketches\bigfoot\Li&","Missing"
"Sketches\bigfoot\lil-bigfoot.html","../../images/Sketches/bigfoot/Li&#39;l%20Bigfoot%20B&amp;W.jpg","../../images/Sketches/bigfoot/Li&","D:\github\ron-english-sketches-animals\images\Sketches\bigfoot\Li&","Missing"
"Sketches\bigfoot\lil-bigfoot.html","../../images/Sketches/bigfoot/Li&#39;l%20Bigfoot%20COLOR.jpg","../../images/Sketches/bigfoot/Li&","D:\github\ron-english-sketches-animals\images\Sketches\bigfoot\Li&","Missing"
"Sketches\bigfoot\lil-bigfoot.html","../../images/Sketches/bigfoot/Li&#39;l%20Bigfoot%20COLOR.jpg","../../images/Sketches/bigfoot/Li&","D:\github\ron-english-sketches-animals\images\Sketches\bigfoot\Li&","Missing"
"Sketches\bigfoot\lil-bigfoot.html","../../images/Sketches/bigfoot/series%201%20%2336%20back%20-%20BIGFOOT%20-%20Li&#39;l%20Bigfoot%20-%20uncommon.jpg","../../images/Sketches/bigfoot/series 1 #36 back - BIGFOOT - Li&","D:\github\ron-english-sketches-animals\images\Sketches\bigfoot\series 1 #36 back - BIGFOOT - Li&","Missing"
"Sketches\bigfoot\lil-bigfoot.html","../../images/Sketches/bigfoot/series%201%20%2336%20back%20-%20BIGFOOT%20-%20Li&#39;l%20Bigfoot%20-%20uncommon.jpg","../../images/Sketches/bigfoot/series 1 #36 back - BIGFOOT - Li&","D:\github\ron-english-sketches-animals\images\Sketches\bigfoot\series 1 #36 back - BIGFOOT - Li&","Missing"
"Sketches\bigfoot\lil-bigfoot.html","../../images/Sketches/bigfoot/Li&#39;l%20Bigfoot%20card.jpg","../../images/Sketches/bigfoot/Li&","D:\github\ron-english-sketches-animals\images\Sketches\bigfoot\Li&","Missing"
"Sketches\bigfoot\lil-bigfoot.html","../../images/Sketches/bigfoot/Li&#39;l%20Bigfoot%20card.jpg","../../images/Sketches/bigfoot/Li&","D:\github\ron-english-sketches-animals\images\Sketches\bigfoot\Li&","Missing"
"Sketches\bigfoot\little-bigfoot.html","../../images/Sketches/bigfoot/Little%20Bigfoot%20B&amp;W.jpg","../../images/Sketches/bigfoot/Little Bigfoot B&amp;W.jpg","D:\github\ron-english-sketches-animals\images\Sketches\bigfoot\Little Bigfoot B&amp;W.jpg","Missing"
"Sketches\bigfoot\little-bigfoot.html","../../images/Sketches/bigfoot/Little%20Bigfoot%20B&amp;W.jpg","../../images/Sketches/bigfoot/Little Bigfoot B&amp;W.jpg","D:\github\ron-english-sketches-animals\images\Sketches\bigfoot\Little Bigfoot B&amp;W.jpg","Missing"
"Sketches\bigfoot\midget-bigfoot.html","../../images/Sketches/bigfoot/Midget%20Bigfoot%20B&amp;W.jpg","../../images/Sketches/bigfoot/Midget Bigfoot B&amp;W.jpg","D:\github\ron-english-sketches-animals\images\Sketches\bigfoot\Midget Bigfoot B&amp;W.jpg","Missing"
"Sketches\bigfoot\midget-bigfoot.html","../../images/Sketches/bigfoot/Midget%20Bigfoot%20B&amp;W.jpg","../../images/Sketches/bigfoot/Midget Bigfoot B&amp;W.jpg","D:\github\ron-english-sketches-animals\images\Sketches\bigfoot\Midget Bigfoot B&amp;W.jpg","Missing"
"Sketches\bigfoot\myth-mother-bigfoot.html","../../images/Sketches/bigfoot/Myth%20Mother%20Bigfoot%20B&amp;W.jpg","../../images/Sketches/bigfoot/Myth Mother Bigfoot B&amp;W.jpg","D:\github\ron-english-sketches-animals\images\Sketches\bigfoot\Myth Mother Bigfoot B&amp;W.jpg","Missing"
"Sketches\bigfoot\myth-mother-bigfoot.html","../../images/Sketches/bigfoot/Myth%20Mother%20Bigfoot%20B&amp;W.jpg","../../images/Sketches/bigfoot/Myth Mother Bigfoot B&amp;W.jpg","D:\github\ron-english-sketches-animals\images\Sketches\bigfoot\Myth Mother Bigfoot B&amp;W.jpg","Missing"
"Sketches\bigfoot\new-urban-bigfoot.html","../../images/Sketches/bigfoot/New%20Urban%20Bigfoot%20B&amp;W.jpg","../../images/Sketches/bigfoot/New Urban Bigfoot B&amp;W.jpg","D:\github\ron-english-sketches-animals\images\Sketches\bigfoot\New Urban Bigfoot B&amp;W.jpg","Missing"
"Sketches\bigfoot\new-urban-bigfoot.html","../../images/Sketches/bigfoot/New%20Urban%20Bigfoot%20B&amp;W.jpg","../../images/Sketches/bigfoot/New Urban Bigfoot B&amp;W.jpg","D:\github\ron-english-sketches-animals\images\Sketches\bigfoot\New Urban Bigfoot B&amp;W.jpg","Missing"
"Sketches\bigfoot\urban-bigfoot.html","../../images/Sketches/bigfoot/Urban%20Bigfoot%201%20front%20B&amp;W.jpg","../../images/Sketches/bigfoot/Urban Bigfoot 1 front B&amp;W.jpg","D:\github\ron-english-sketches-animals\images\Sketches\bigfoot\Urban Bigfoot 1 front B&amp;W.jpg","Missing"
"Sketches\bigfoot\urban-bigfoot.html","../../images/Sketches/bigfoot/Urban%20Bigfoot%201%20front%20B&amp;W.jpg","../../images/Sketches/bigfoot/Urban Bigfoot 1 front B&amp;W.jpg","D:\github\ron-english-sketches-animals\images\Sketches\bigfoot\Urban Bigfoot 1 front B&amp;W.jpg","Missing"
"Sketches\bigfoot\urban-bigfoot.html","../../images/Sketches/bigfoot/Urban%20Bigfoot%201%20back%20B&amp;W.jpg","../../images/Sketches/bigfoot/Urban Bigfoot 1 back B&amp;W.jpg","D:\github\ron-english-sketches-animals\images\Sketches\bigfoot\Urban Bigfoot 1 back B&amp;W.jpg","Missing"
"Sketches\bigfoot\urban-bigfoot.html","../../images/Sketches/bigfoot/Urban%20Bigfoot%201%20back%20B&amp;W.jpg","../../images/Sketches/bigfoot/Urban Bigfoot 1 back B&amp;W.jpg","D:\github\ron-english-sketches-animals\images\Sketches\bigfoot\Urban Bigfoot 1 back B&amp;W.jpg","Missing"
"Sketches\bigfoot\urban-bigfoot.html","../../images/Sketches/bigfoot/Urban%20Bigfoot%201%20left%20side%20B&amp;W.jpg","../../images/Sketches/bigfoot/Urban Bigfoot 1 left side B&amp;W.jpg","D:\github\ron-english-sketches-animals\images\Sketches\bigfoot\Urban Bigfoot 1 left side B&amp;W.jpg","Missing"
"Sketches\bigfoot\urban-bigfoot.html","../../images/Sketches/bigfoot/Urban%20Bigfoot%201%20left%20side%20B&amp;W.jpg","../../images/Sketches/bigfoot/Urban Bigfoot 1 left side B&amp;W.jpg","D:\github\ron-english-sketches-animals\images\Sketches\bigfoot\Urban Bigfoot 1 left side B&amp;W.jpg","Missing"
"Sketches\bigfoot\urban-bigfoot.html","../../images/Sketches/bigfoot/Urban%20Bigfoot%20right%20side%201%20B&amp;W.jpg","../../images/Sketches/bigfoot/Urban Bigfoot right side 1 B&amp;W.jpg","D:\github\ron-english-sketches-animals\images\Sketches\bigfoot\Urban Bigfoot right side 1 B&amp;W.jpg","Missing"
"Sketches\bigfoot\urban-bigfoot.html","../../images/Sketches/bigfoot/Urban%20Bigfoot%20right%20side%201%20B&amp;W.jpg","../../images/Sketches/bigfoot/Urban Bigfoot right side 1 B&amp;W.jpg","D:\github\ron-english-sketches-animals\images\Sketches\bigfoot\Urban Bigfoot right side 1 B&amp;W.jpg","Missing"
"Sketches\bigfoot\washington-bigfoot.html","../../images/Sketches/bigfoot/Washington%20Bigfoot%20B&amp;w.jpg","../../images/Sketches/bigfoot/Washington Bigfoot B&amp;w.jpg","D:\github\ron-english-sketches-animals\images\Sketches\bigfoot\Washington Bigfoot B&amp;w.jpg","Missing"
"Sketches\bigfoot\washington-bigfoot.html","../../images/Sketches/bigfoot/Washington%20Bigfoot%20B&amp;w.jpg","../../images/Sketches/bigfoot/Washington Bigfoot B&amp;w.jpg","D:\github\ron-english-sketches-animals\images\Sketches\bigfoot\Washington Bigfoot B&amp;w.jpg","Missing"
"Sketches\small-mammals\fact-ferrets\bon-liar\index.html","../../../../images/Sketches/Small%20Mammals/fact%20ferrets/Bon%20Liar%20COLOR-2.jpg","../../../../images/Sketches/Small Mammals/fact ferrets/Bon Liar COLOR-2.jpg","D:\github\ron-english-sketches-animals\images\Sketches\Small Mammals\fact ferrets\Bon Liar COLOR-2.jpg","Missing"
"Sketches\small-mammals\fact-ferrets\bon-liar\index.html","../../../../images/Sketches/Small%20Mammals/fact%20ferrets/Bon%20Liar%20COLOR-2.jpg","../../../../images/Sketches/Small Mammals/fact ferrets/Bon Liar COLOR-2.jpg","D:\github\ron-english-sketches-animals\images\Sketches\Small Mammals\fact ferrets\Bon Liar COLOR-2.jpg","Missing"
"Sketches\small-mammals\fact-ferrets\farrah-fact-ferret\index.html","../../../../images/Sketches/Small%20Mammals/fact%20ferrets/Farrah%20Fact%20Ferret%20COLOR-2.jpg","../../../../images/Sketches/Small Mammals/fact ferrets/Farrah Fact Ferret COLOR-2.jpg","D:\github\ron-english-sketches-animals\images\Sketches\Small Mammals\fact ferrets\Farrah Fact Ferret COLOR-2.jpg","Missing"
"Sketches\small-mammals\fact-ferrets\farrah-fact-ferret\index.html","../../../../images/Sketches/Small%20Mammals/fact%20ferrets/Farrah%20Fact%20Ferret%20COLOR-2.jpg","../../../../images/Sketches/Small Mammals/fact ferrets/Farrah Fact Ferret COLOR-2.jpg","D:\github\ron-english-sketches-animals\images\Sketches\Small Mammals\fact ferrets\Farrah Fact Ferret COLOR-2.jpg","Missing"
"Sketches\small-mammals\fact-ferrets\fun-fact-ferret\index.html","../../../../images/Sketches/Small%20Mammals/fact%20ferrets/Fun%20Fact%20Ferret%20COLOR-2.jpg","../../../../images/Sketches/Small Mammals/fact ferrets/Fun Fact Ferret COLOR-2.jpg","D:\github\ron-english-sketches-animals\images\Sketches\Small Mammals\fact ferrets\Fun Fact Ferret COLOR-2.jpg","Missing"
"Sketches\small-mammals\fact-ferrets\fun-fact-ferret\index.html","../../../../images/Sketches/Small%20Mammals/fact%20ferrets/Fun%20Fact%20Ferret%20COLOR-2.jpg","../../../../images/Sketches/Small Mammals/fact ferrets/Fun Fact Ferret COLOR-2.jpg","D:\github\ron-english-sketches-animals\images\Sketches\Small Mammals\fact ferrets\Fun Fact Ferret COLOR-2.jpg","Missing"
"Sketches\small-mammals\fact-ferrets\hocus-focus\index.html","../../../../images/Sketches/Small%20Mammals/fact%20ferrets/Hocus%20Focus%20COLOR-2.jpg","../../../../images/Sketches/Small Mammals/fact ferrets/Hocus Focus COLOR-2.jpg","D:\github\ron-english-sketches-animals\images\Sketches\Small Mammals\fact ferrets\Hocus Focus COLOR-2.jpg","Missing"
"Sketches\small-mammals\fact-ferrets\hocus-focus\index.html","../../../../images/Sketches/Small%20Mammals/fact%20ferrets/Hocus%20Focus%20COLOR-2.jpg","../../../../images/Sketches/Small Mammals/fact ferrets/Hocus Focus COLOR-2.jpg","D:\github\ron-english-sketches-animals\images\Sketches\Small Mammals\fact ferrets\Hocus Focus COLOR-2.jpg","Missing"
"Sketches\small-mammals\fact-ferrets\slow-learner-sleuth\index.html","../../../../images/Sketches/Small%20Mammals/fact%20ferrets/Slow%20Learner%20Sleuth%20COLOR-2.jpg","../../../../images/Sketches/Small Mammals/fact ferrets/Slow Learner Sleuth COLOR-2.jpg","D:\github\ron-english-sketches-animals\images\Sketches\Small Mammals\fact ferrets\Slow Learner Sleuth COLOR-2.jpg","Missing"
"Sketches\small-mammals\fact-ferrets\slow-learner-sleuth\index.html","../../../../images/Sketches/Small%20Mammals/fact%20ferrets/Slow%20Learner%20Sleuth%20COLOR-2.jpg","../../../../images/Sketches/Small Mammals/fact ferrets/Slow Learner Sleuth COLOR-2.jpg","D:\github\ron-english-sketches-animals\images\Sketches\Small Mammals\fact ferrets\Slow Learner Sleuth COLOR-2.jpg","Missing"
"Sketches\small-mammals\rabbits\index.html","../../../images/Sketches/Small%20Mammals/rabbbits/Li","../../../images/Sketches/Small Mammals/rabbbits/Li","D:\github\ron-english-sketches-animals\images\Sketches\Small Mammals\rabbbits\Li","Missing"
"Sketches\small-mammals\rabbits\index.html","../../../images/Sketches/Small%20Mammals/rabbbits/Rockin","../../../images/Sketches/Small Mammals/rabbbits/Rockin","D:\github\ron-english-sketches-animals\images\Sketches\Small Mammals\rabbbits\Rockin","Missing"
"Sketches\small-mammals\rabbits\lil-rabbbit\index.html","../../../../images/Sketches/Small%20Mammals/rabbbits/Li","../../../../images/Sketches/Small Mammals/rabbbits/Li","D:\github\ron-english-sketches-animals\images\Sketches\Small Mammals\rabbbits\Li","Missing"
"Sketches\small-mammals\rabbits\lil-rabbbit\index.html","../../../../images/Sketches/Small%20Mammals/rabbbits/Li","../../../../images/Sketches/Small Mammals/rabbbits/Li","D:\github\ron-english-sketches-animals\images\Sketches\Small Mammals\rabbbits\Li","Missing"
"Sketches\small-mammals\rabbits\lil-rabbbit\index.html","../../../../images/Sketches/Small%20Mammals/rabbbits/Li","../../../../images/Sketches/Small Mammals/rabbbits/Li","D:\github\ron-english-sketches-animals\images\Sketches\Small Mammals\rabbbits\Li","Missing"
"Sketches\small-mammals\rabbits\lil-rabbbit\index.html","../../../../images/Sketches/Small%20Mammals/rabbbits/Li","../../../../images/Sketches/Small Mammals/rabbbits/Li","D:\github\ron-english-sketches-animals\images\Sketches\Small Mammals\rabbbits\Li","Missing"
"Sketches\small-mammals\rabbits\lil-rabbbit\index.html","../../../../images/Sketches/Small%20Mammals/rabbbits/Li","../../../../images/Sketches/Small Mammals/rabbbits/Li","D:\github\ron-english-sketches-animals\images\Sketches\Small Mammals\rabbbits\Li","Missing"
"Sketches\small-mammals\rabbits\lil-rabbbit\index.html","../../../../images/Sketches/Small%20Mammals/rabbbits/Li","../../../../images/Sketches/Small Mammals/rabbbits/Li","D:\github\ron-english-sketches-animals\images\Sketches\Small Mammals\rabbbits\Li","Missing"
"Sketches\small-mammals\rabbits\ronnnie-rabbbit\index.html","../../../../images/Sketches/Small%20Mammals/rabbbits/Rockin","../../../../images/Sketches/Small Mammals/rabbbits/Rockin","D:\github\ron-english-sketches-animals\images\Sketches\Small Mammals\rabbbits\Rockin","Missing"
"Sketches\small-mammals\rabbits\ronnnie-rabbbit\index.html","../../../../images/Sketches/Small%20Mammals/rabbbits/Rockin","../../../../images/Sketches/Small Mammals/rabbbits/Rockin","D:\github\ron-english-sketches-animals\images\Sketches\Small Mammals\rabbbits\Rockin","Missing"
"Sketches\small-mammals\rabbits\ronnnie-rabbbit\index.html","../../../../images/Sketches/Small%20Mammals/rabbbits/Rockin","../../../../images/Sketches/Small Mammals/rabbbits/Rockin","D:\github\ron-english-sketches-animals\images\Sketches\Small Mammals\rabbbits\Rockin","Missing"
"Sketches\small-mammals\rabbits\ronnnie-rabbbit\index.html","../../../../images/Sketches/Small%20Mammals/rabbbits/Rockin","../../../../images/Sketches/Small Mammals/rabbbits/Rockin","D:\github\ron-english-sketches-animals\images\Sketches\Small Mammals\rabbbits\Rockin","Missing"
"Sketches\small-mammals\rabbits\ronnnie-rabbbit\index.html","../../../../images/Sketches/Small%20Mammals/rabbbits/Rockin","../../../../images/Sketches/Small Mammals/rabbbits/Rockin","D:\github\ron-english-sketches-animals\images\Sketches\Small Mammals\rabbbits\Rockin","Missing"
"Sketches\small-mammals\rabbits\ronnnie-rabbbit\index.html","../../../../images/Sketches/Small%20Mammals/rabbbits/Rockin","../../../../images/Sketches/Small Mammals/rabbbits/Rockin","D:\github\ron-english-sketches-animals\images\Sketches\Small Mammals\rabbbits\Rockin","Missing"
"Sketches\small-mammals\rabbits\ronnnie-rabbbit\index.html","../../../../images/Sketches/Small%20Mammals/rabbbits/Rockin","../../../../images/Sketches/Small Mammals/rabbbits/Rockin","D:\github\ron-english-sketches-animals\images\Sketches\Small Mammals\rabbbits\Rockin","Missing"
"Sketches\small-mammals\rabbits\ronnnie-rabbbit\index.html","../../../../images/Sketches/Small%20Mammals/rabbbits/Rockin","../../../../images/Sketches/Small Mammals/rabbbits/Rockin","D:\github\ron-english-sketches-animals\images\Sketches\Small Mammals\rabbbits\Rockin","Missing"
"Sketches\small-mammals\rabbits\ronnnie-rabbbit\index.html","../../../../images/Sketches/Small%20Mammals/rabbbits/Rockin","../../../../images/Sketches/Small Mammals/rabbbits/Rockin","D:\github\ron-english-sketches-animals\images\Sketches\Small Mammals\rabbbits\Rockin","Missing"
"Sketches\small-mammals\rabbits\ronnnie-rabbbit\index.html","../../../../images/Sketches/Small%20Mammals/rabbbits/Rockin","../../../../images/Sketches/Small Mammals/rabbbits/Rockin","D:\github\ron-english-sketches-animals\images\Sketches\Small Mammals\rabbbits\Rockin","Missing"
"Sketches\small-mammals\rabbits\telebunnny\index.html","../../../../images/Sketches/Small%20Mammals/rabbbits/TV%20you%20can","../../../../images/Sketches/Small Mammals/rabbbits/TV you can","D:\github\ron-english-sketches-animals\images\Sketches\Small Mammals\rabbbits\TV you can","Missing"
"Sketches\small-mammals\rabbits\telebunnny\index.html","../../../../images/Sketches/Small%20Mammals/rabbbits/TV%20you%20can","../../../../images/Sketches/Small Mammals/rabbbits/TV you can","D:\github\ron-english-sketches-animals\images\Sketches\Small Mammals\rabbbits\TV you can","Missing"
"Sketches\small-mammals\rabbits\telebunnny\index.html","../../../../images/Sketches/Small%20Mammals/rabbbits/TV%20you%20can","../../../../images/Sketches/Small Mammals/rabbbits/TV you can","D:\github\ron-english-sketches-animals\images\Sketches\Small Mammals\rabbbits\TV you can","Missing"
"Sketches\small-mammals\rabbits\telebunnny\index.html","../../../../images/Sketches/Small%20Mammals/rabbbits/TV%20you%20can","../../../../images/Sketches/Small Mammals/rabbbits/TV you can","D:\github\ron-english-sketches-animals\images\Sketches\Small Mammals\rabbbits\TV you can","Missing"
"Sketches\small-mammals\rabbits\telebunnny\index.html","../../../../images/Sketches/Small%20Mammals/rabbbits/TV%20You%20Can","../../../../images/Sketches/Small Mammals/rabbbits/TV You Can","D:\github\ron-english-sketches-animals\images\Sketches\Small Mammals\rabbbits\TV You Can","Missing"
"Sketches\small-mammals\rabbits\telebunnny\index.html","../../../../images/Sketches/Small%20Mammals/rabbbits/TV%20You%20Can","../../../../images/Sketches/Small Mammals/rabbbits/TV You Can","D:\github\ron-english-sketches-animals\images\Sketches\Small Mammals\rabbbits\TV You Can","Missing"
"Sketches\small-mammals\raccoons\rocky-roadkill\index.html","../../../../images/Sketches/Small%20Mammals/raccoons/Rocky%20Roadkill%20COLOR-2.jpg","../../../../images/Sketches/Small Mammals/raccoons/Rocky Roadkill COLOR-2.jpg","D:\github\ron-english-sketches-animals\images\Sketches\Small Mammals\raccoons\Rocky Roadkill COLOR-2.jpg","Missing"
"Sketches\small-mammals\raccoons\rocky-roadkill\index.html","../../../../images/Sketches/Small%20Mammals/raccoons/Rocky%20Roadkill%20COLOR-2.jpg","../../../../images/Sketches/Small Mammals/raccoons/Rocky Roadkill COLOR-2.jpg","D:\github\ron-english-sketches-animals\images\Sketches\Small Mammals\raccoons\Rocky Roadkill COLOR-2.jpg","Missing"
"Sketches\small-mammals\skunks\index.html","../../../images/Sketches/Small%20Mammals/skunks/Li","../../../images/Sketches/Small Mammals/skunks/Li","D:\github\ron-english-sketches-animals\images\Sketches\Small Mammals\skunks\Li","Missing"
"Sketches\small-mammals\skunks\lil-skunk\index.html","../../../../images/Sketches/Small%20Mammals/skunks/Li","../../../../images/Sketches/Small Mammals/skunks/Li","D:\github\ron-english-sketches-animals\images\Sketches\Small Mammals\skunks\Li","Missing"
"Sketches\small-mammals\skunks\lil-skunk\index.html","../../../../images/Sketches/Small%20Mammals/skunks/Li","../../../../images/Sketches/Small Mammals/skunks/Li","D:\github\ron-english-sketches-animals\images\Sketches\Small Mammals\skunks\Li","Missing"
"Sketches\small-mammals\skunks\lil-skunk\index.html","../../../../images/Sketches/Small%20Mammals/skunks/Li","../../../../images/Sketches/Small Mammals/skunks/Li","D:\github\ron-english-sketches-animals\images\Sketches\Small Mammals\skunks\Li","Missing"
"Sketches\small-mammals\skunks\lil-skunk\index.html","../../../../images/Sketches/Small%20Mammals/skunks/Li","../../../../images/Sketches/Small Mammals/skunks/Li","D:\github\ron-english-sketches-animals\images\Sketches\Small Mammals\skunks\Li","Missing"
"Sketches\small-mammals\skunks\lil-skunk\index.html","../../../../images/Sketches/Small%20Mammals/skunks/Li","../../../../images/Sketches/Small Mammals/skunks/Li","D:\github\ron-english-sketches-animals\images\Sketches\Small Mammals\skunks\Li","Missing"
"Sketches\small-mammals\skunks\lil-skunk\index.html","../../../../images/Sketches/Small%20Mammals/skunks/Li","../../../../images/Sketches/Small Mammals/skunks/Li","D:\github\ron-english-sketches-animals\images\Sketches\Small Mammals\skunks\Li","Missing"
"Sketches\small-mammals\skunks\skidmark-skunk\index.html","../../../../images/Sketches/Small%20Mammals/skunks/Skidmark%20Skunk%20COLOR-2.jpg","../../../../images/Sketches/Small Mammals/skunks/Skidmark Skunk COLOR-2.jpg","D:\github\ron-english-sketches-animals\images\Sketches\Small Mammals\skunks\Skidmark Skunk COLOR-2.jpg","Missing"
"Sketches\small-mammals\skunks\skidmark-skunk\index.html","../../../../images/Sketches/Small%20Mammals/skunks/Skidmark%20Skunk%20COLOR-2.jpg","../../../../images/Sketches/Small Mammals/skunks/Skidmark Skunk COLOR-2.jpg","D:\github\ron-english-sketches-animals\images\Sketches\Small Mammals\skunks\Skidmark Skunk COLOR-2.jpg","Missing"
"Sketches\ungulates\camels\camel-family-icon\index.html","../../../../images/Sketches/Ungulates/camels/Camel%20Family%20Icon%20COLOR.jpg","../../../../images/Sketches/Ungulates/camels/Camel Family Icon COLOR.jpg","D:\github\ron-english-sketches-animals\images\Sketches\Ungulates\camels\Camel Family Icon COLOR.jpg","Missing"
